company_name,ticker,years_of_growth,yield_pct,most_recent_increase_pct,dgr_01yr,dgr_03yr,dgr_05yr,dgr_10yr,esp_payout
Agilent Technologies Inc.,A,9,0.82,9.76,10.1,12.6,11.7,,29.8
Aaron's Inc.,AAN,17,0.43,14.29,16.7,11.9,10.2,11.9,
Apple Inc.,AAPL,9,1.03,6.49,7.8,10.9,10.5,,25.7
AbbVie Inc.,ABBV,8,5.09,10.28,19.2,23.4,20.9,,83.5
AmerisourceBergen Corp.,ABC,16,1.76,5,3.9,4.9,10,20.9,22.1
ABM Industries Inc.,ABM,53,2.41,2.78,2.9,2.9,3,3.3,34.7
Arbor Realty Trust Inc.,ABR,8,14.25,3.45,16.3,22.5,17,,266.7
Abbott Laboratories,ABT,7,1.52,12.5,14.3,7.2,7.8,5.5,72.4
American Campus Communities,ACC,7,5.82,2.17,2.7,4.1,4.5,3.3,244.2
Accenture plc,ACN,15,1.59,9.59,7.2,9,8.9,14.8,41.6
Acme United Corp.,ACU,16,2.24,9.09,9.1,6.3,7.8,9.1,30.2
Agree Realty Corp.,ADC,8,3.82,2.56,5.7,5.3,5.7,1.1,125
Analog Devices Inc.,ADI,18,2.2,14.81,12.5,8.7,7.9,10.4,82.7
Archer Daniels Midland,ADM,45,3.66,2.86,4.5,5.3,7.8,9.6,52.2
Automatic Data Proc.,ADP,44,2.48,15.19,19.7,14.2,13.4,10.6,62.4
Ameren Corp,AEE,6,2.65,4.21,3.9,3.8,3.6,2.2,62.7
American Equity Investment Life Holding Co.,AEL,17,1.38,7.14,7.1,7.7,8.4,14.1,5.4
American Electric Power Co.,AEP,10,3.28,4.48,7.1,6.1,5.9,5.2,75.3
AES Corp.,AES,9,4.59,4.98,5,7.5,22.2,,130.3
American Financial Group Inc.,AFG,14,2.99,12.5,13.8,12.7,12.6,12.2,62.1
AFLAC Inc.,AFL,38,3.07,3.7,3.8,9.2,7.9,6.8,28.2
AGCO Corp.,AGCO,7,1.16,6.67,5,6.6,7.4,,48.5
Federal Agricultural Mortgage Corp.,AGM,9,4.99,14.29,20.7,39.1,38,30.2,42.5
Assured Guaranty Ltd.,AGO,9,3.09,11.11,12.5,11.5,10.4,14.9,27.4
Applied Industrial Technologies Inc.,AIT,11,2.21,3.23,3.3,3.5,4.4,7.5,140.7
Apartment Investment & Management Co.,AIV,10,4.45,5.13,2.6,5.7,8.4,5.6,121.5
Assurant Inc.,AIZ,16,2.46,5,6.6,6.2,18,15.2,45.7
Arthur J. Gallagher & Co.,AJG,10,1.91,4.65,4.9,4.2,3.6,3,51.6
Acadia Realty Trust,AKR,7,9.89,3.57,3.7,3.8,4,3.7,313.5
Air Lease Corp.,AL,8,1.99,15.38,30,37.5,34.1,,11.9
Albemarle Corp.,ALB,26,2.01,4.76,8.5,6.1,6.2,11.1,32.3
Allete Inc.,ALE,10,4.21,5.11,4.9,4.2,3.7,2.9,70.4
Alamo Group Inc,ALG,6,0.5,8.33,9.1,10.1,11.4,7.2,9.7
Allstate Corp.,ALL,10,2.21,8,12,15,11.8,9.4,18.1
Allegion plc,ALLE,7,1.28,18.52,28.6,31,27.5,,37.4
Ally Financial Inc.,ALLY,5,4.36,11.76,21.4,62,,,29.6
Amgen Inc.,AMGN,10,2.79,10.34,9.8,13.2,18.9,,50.1
American National Bankshares Inc.,AMNB,5,4.34,8,4,2.7,2.5,1.2,51.2
Armanino Foods of Distinction Inc.,AMNF,15,4.76,10,11.4,7.7,8.1,12.5,55
Ameriprise Financial Inc.,AMP,16,2.97,7.22,7.9,9.3,11,18.8,15.4
Amerisafe Inc.,AMSF,8,1.76,8,13.6,11.6,15.8,,24.8
American Tower Corp.,AMT,10,1.7,1.85,19.9,17.9,20.9,,103
TD Ameritrade Holding Corp.,AMTD,10,3.33,3.33,30.1,20.6,18.9,,35.1
Andersons Inc. (The),ANDE,18,5.4,2.94,3,3.1,9.1,11.4,
Anthem Inc.,ANTM,10,1.29,18.75,6.7,7.2,12.8,,20.6
Aon plc,AON,8,0.89,10,10.3,10.1,13.2,11.1,25.3
A.O. Smith Corp.,AOS,26,2.02,9.09,18.4,23.3,24.6,21.5,47.8
Air Products & Chem.,APD,38,2.22,15.52,7.8,10.5,8.7,9.9,60.7
Amphenol Corp.,APH,8,1.04,8.7,14.3,19.7,17.7,41.4,27.3
Apollo Bancorp Inc.,APLO,9,4.73,1.96,3.5,2.4,2.3,3.7,
Apogee Enterprises Inc.,APOG,9,3.63,7.14,11.1,11.9,11.8,7.9,32.3
Alexandria Real Estate Equities Inc.,ARE,10,2.68,3,7.7,7.2,6.9,5.5,194.3
Argo Group International Holdings Ltd.,ARGO,7,4.04,14.81,14.8,17.5,15.6,,
Aramark Services Inc.,ARMK,6,1.7,4.76,3.5,4.3,7.2,,97.8
Arrow Financial Corp.,AROW,26,3.56,4,2,3.1,2.7,2.9,42.3
Artesian Resources,ARTNA,27,2.84,1.5,3,3,3,3.1,60.5
Associated Banc-Corp,ASB,8,5.14,5.88,11.3,15.3,13.3,3.9,42.9
Ashland Global Holdings Inc.,ASH,10,1.64,10,10.3,12.1,10.1,22,
Ames National Corp.,ATLO,10,4.98,4.17,4.4,4.6,6.3,5.1,55.9
Atmos Energy,ATO,36,2.24,9.52,8.6,7.9,7.5,5,50.2
AptarGroup Inc.,ATR,26,1.29,5.88,7.6,5.2,5.4,9,40.7
Atrion Corp.,ATRI,17,0.97,14.81,13.7,14.1,15.8,16,31.9
Activision Blizzard Inc.,ATVI,11,0.57,10.81,8.8,12.5,13.1,,20.3
Atlantic Union Bankshares Corp.,AUB,9,4.32,8.7,9.1,7.6,10.6,12.3,49.3
Auburn National Bancorp,AUBN,19,1.89,2,4.2,3.6,3.1,2.8,40.5
Avista Corp.,AVA,18,4.14,4.52,4,4.2,4.1,6.7,83.5
Avalonbay Communities Inc.,AVB,9,4.08,4.61,3.4,4.4,5.8,5.4,114.2
Broadcom Limited,AVGO,10,4.46,22.64,41.8,76.4,55.5,,214.9
Avnet Inc.,AVT,7,3.08,5,5.1,6.4,5.8,,
Avery Dennison Corp.,AVY,9,2.1,11.54,12.4,12.2,11,6.4,33.6
American Water Works,AWK,13,1.73,10,9.8,10.1,10.1,9.1,63
American States Water,AWR,65,1.49,10.91,9.4,8.3,6.9,8.7,52.8
American Express Company,AXP,8,1.81,10.26,11.1,10.4,10.3,8.3,26.1
Axis Capital Holdings Ltd.,AXS,18,4.37,2.5,2.6,4.6,8.2,7.2,
Barnes Group Inc.,B,9,1.69,14.29,3.2,7.9,7.3,2.9,21.3
Bank of America Corp,BAC,6,2.99,20,22.2,38.2,40.6,32.4,29.4
Booz Allen Hamilton Holding Corp.,BAH,9,1.55,14.81,26.3,17,17.4,,40.7
Brookfield Asset Management Inc.,BAM,9,1.53,12.46,6.7,7.2,8.4,7.9,52.8
BancFirst Corp. OK,BANF,26,3.36,6.67,31.2,18.7,14,10.6,34
Banner Corp.,BANR,7,4.37,7.89,21.1,24.7,18.5,35,44.2
Best Buy Corp.,BBY,17,2.82,10,8.3,20.3,22.1,13.3,40.7
Brunswick Corp.,BC,7,1.75,14.29,11.5,12.3,14.1,33.1,274.3
Balchem Inc.,BCPC,11,0.52,10.64,11.9,11.4,12.6,20.4,21
Flanigan's Enterprises Inc.,BDL,6,1.77,7.14,12,15.9,,,16.1
Becton Dickinson & Co.,BDX,48,1.28,2.6,2.6,4.6,6.8,8.9,101.9
Franklin Resources,BEN,40,5.72,3.85,13,13,16.7,14,55.4
Brookfield Renewable Partners LP,BEP,11,4.44,5.34,5.1,5,6.2,5.1,
Brown-Forman Class B,BF-B,36,1.06,5,5.1,6.9,7.1,8,40.3
BankFinancial Corp.,BFIN,6,4.41,11.11,8.1,24,38,3.6,58
Saul Centers Inc.,BFS,6,6.98,1.92,1.9,4.8,6.3,3.3,135.9
Bunge Limited,BG,19,5.13,8.7,4.2,7.7,9.3,9.6,
B&G Foods Inc.,BGS,9,8.18,2.15,1.1,5.7,7.1,10.8,138.7
Bar Harbor Bankshares,BHB,16,4.46,10,9.3,5.8,7.4,6.4,59.5
Berkshire Hills Bancorp Inc.,BHLB,6,8.87,4.35,4.5,4.8,5,3.7,75
Brookfield Infrastructure Partners LP,BIP,13,4.77,7.24,6.9,9.2,9.4,11,"1,212.50"
Bank of New York Mellon Corp.,BK,9,3.34,10.71,13.5,17.9,12.3,8.8,26.7
Black Hills Corp.,BKH,49,3.47,5.94,6.2,6.9,5.6,3.7,69.7
Bank of South Carolina Corp.,BKSC,9,3.88,6.67,5,9.4,8,5.7,48.9
Bank of Utica,BKUTK,20,4.49,3.33,4.2,5.4,5.3,7.2,
BlackRock Inc.,BLK,11,2.75,10,9.8,13,11.3,15.5,53.8
Badger Meter Inc.,BMI,27,1.11,13.33,14.3,14.2,11.6,10.8,41.2
Bank of Marin Bancorp,BMRC,16,2.73,9.52,26,16.2,14.9,10.9,37.1
Bryn Mawr Bank Corp.,BMTC,9,3.75,4,8.5,7.5,6.6,6.2,56.5
Bristol-Myers Squibb Co.,BMY,11,3.01,9.76,2.5,2.6,2.5,2.8,222.2
BOK Financial Corp.,BOKF,15,4,2,5.8,5.1,4.4,7.8,32
Bank of Botetourt,BORT,8,3.08,9.37,6.7,10.1,26.2,,
"Popular, Inc.",BPOP,6,4.05,33.33,20,26,,19.6,28.8
Brookfield Property Partners LP,BPY,8,12.84,0.76,4.8,5.6,5.7,,125.5
Broadridge Financial Solutions Inc.,BR,13,1.78,11.34,26.3,17.5,17.3,19,60.9
Brady Corp.,BRC,34,1.7,2.35,2.5,1.7,1.7,2.2,38.7
Brown & Brown Inc.,BRO,26,0.85,6.25,6.6,9,9.7,7.9,22.1
Sierra Bancorp,BSRR,8,4.25,5.26,15.6,15.5,16.8,6.3,35.4
First Busey Corp.,BUSE,7,4.91,4.76,5,7.3,8.1,-3.5,52.7
Bankwell Financial Group Inc.,BWFG,6,3.83,7.69,8.3,33.2,,,30.4
"BWX Technologies, Inc.",BWXT,5,1.21,11.76,6.3,23.6,11.2,,26.9
BancorpSouth Inc.,BXS,7,3.33,8.82,17.8,17.8,25.3,-2.3,37.2
Citigroup Inc,C,5,4.26,13.33,24.7,66,116.9,34.4,27.8
"Cable One, Inc.",CABO,5,0.48,12.5,13.3,12.3,,,24.7
Cardinal Health Inc.,CAH,24,3.55,1,2.1,4.6,8.2,14.3,
Cass Information Systems Inc.,CASS,18,2.68,3.85,23.5,15.9,11.3,12.2,53.2
Casey's General Stores Inc.,CASY,20,0.8,10.34,10.9,9.9,9.9,14.3,20.9
Caterpillar Inc.,CAT,26,3.43,19.77,15.2,7.1,7.8,8.4,43.7
Cambridge Bancorp,CATC,22,3.66,3.92,4.1,3.5,4,4.3,42.2
Cathay General Bancorp,CATY,7,4.56,29.17,20.4,18.2,33.7,19.7,38.3
Chubb Limited,CB,27,2.56,4,2.8,2.9,2.9,9.9,39
CBOE Holdings Inc.,CBOE,10,1.35,16.13,15.5,11.8,11.4,,31.6
Commerce Bancshares,CBSH,52,1.69,3.85,16.2,10.2,8.1,6.4,33.6
Cabot Corp.,CBT,8,3.92,6.06,5.7,7.2,9.9,6.7,71.1
Community Bank System,CBU,28,2.76,7.89,10.7,7.4,6.3,5.8,51.6
Capital City Bank Group,CCBG,7,2.75,7.69,50,41.3,39.8,-4.5,32.9
CCFNB Bancorp Inc.,CCFN,23,3.75,2.56,2.6,2.6,2.4,4.2,
Crown Castle International Corp,CCI,6,2.79,6.67,7,8.3,19.6,,271.2
Cabot Microelectronics Corporation,CCMP,5,1.21,4.76,5,32.6,,,66.2
Cogent Communications Holdings Inc.,CCOI,9,3.55,3.03,15.1,17.3,15.8,,335.8
CDW Corp.,CDW,7,1.37,28.81,36.8,37.9,45.3,,29.7
Celanese Corp.,CE,10,2.76,14.81,15.4,20.3,20.9,31.1,40.8
C&F Financial Corp.,CFFI,8,4.22,2.7,7.2,5,4.6,2.8,28.5
Citizens Financial Group Inc.,CFG,7,6.47,8.33,38.8,43.5,68.5,,53.4
Cullen/Frost Bankers,CFR,26,3.74,5.97,8.5,9.2,6.6,5.1,49.1
Cognex Corporation,CGNX,5,0.39,10,10.8,11.6,,10.6,20.2
City Holding Co.,CHCO,8,3.62,7.55,13.1,8.1,6.6,4.7,38.5
Community Healthcare Trust Inc.,CHCT,6,4.61,0.6,2.5,2.6,,,300
Church & Dwight,CHD,24,1.28,5.49,4.4,8.6,8,23,36
Churchill Downs Inc.,CHDN,9,0.44,6.93,6.9,9.7,11.8,13.3,20.8
Chemed Corp.,CHE,11,0.27,6.67,6.9,7.4,8.1,13.2,9.15
C.H. Robinson Worldwide,CHRW,22,2.51,2,6.9,4.9,7,7.7,56.7
Cincinnati Financial,CINF,60,4.07,7.14,5.7,5.2,4.9,3.5,750
Civista Bancshares Inc.,CIVB,9,2.89,22.22,31.3,24.1,17.2,5.3,23
Colgate-Palmolive Co.,CL,57,2.43,2.33,3,3.3,3.8,7.1,60.1
Cortland Bancorp,CLDB,9,4.31,16.67,2.3,17.1,20.1,,
Clorox Company,CLX,43,2.15,4.72,8.6,8.8,6.9,7.7,65.1
Comerica Inc.,CMA,11,7.48,1.49,41.8,44.2,28,18.5,51.4
Comcast Corp.,CMCSA,13,2.32,9.52,12.7,15.1,13.5,20,36.5
CME Group Inc.,CME,10,1.86,13.33,7.1,7.7,9.8,12.5,51.1
Cummins Inc.,CMI,14,3.09,15,10.4,7,11.8,21.5,38.5
CMS Energy Corp.,CMS,14,2.78,6.54,7.1,7.3,7.2,11.8,67.9
Canadian National Railway,CNI,25,2.02,7.41,16.4,12.5,12.3,13.8,39.4
CNO Financial Group Inc.,CNO,9,3.34,9.09,10.3,11.5,12.4,,21.8
Cohen & Steers Inc.,CNS,11,2.45,8.33,14.3,11.5,10.9,21.8,61.7
Columbia Banking System Inc.,COLB,9,4.6,7.69,12,13.3,15.7,32,49.3
CyrusOne Inc.,CONE,7,2.69,8.7,6.7,9.7,19.4,,
CoreSite Realty Corp.,COR,10,3.91,10.91,15.4,29.8,27.1,,245.2
Core-Mark Holding Company,CORE,9,1.72,9.09,9.8,10.9,14.4,,36.4
Costco Wholesale,COST,17,0.91,7.69,14,12.9,12.9,13.7,33.1
Central Pacific Financial Corp.,CPF,7,5.71,9.52,9.8,14.5,20.1,,52
Chesapeake Utilities,CPK,17,1.95,8.64,11.5,9.4,8,6.5,47.2
Chesapeake Financial Shares,CPKF,28,2.65,3.45,6.4,6.1,5.4,7.2,
Camden Property Trust,CPT,10,3.63,3.75,3.6,2.4,4,3.3,148.2
Cisco Systems Inc.,CSCO,10,3.01,2.86,7.8,11.7,13.3,,52.9
CenterState Bank Corp.,CSFL,6,3.54,27.27,10,40.1,61.5,20.2,33.1
CSG Systems International Inc.,CSGS,8,1.99,5.62,6,6.3,7.4,,35.9
Carlisle Companies,CSL,43,1.67,25,16.9,11.5,13.9,11.1,25
Computer Services Inc.,CSVI,48,1.73,16.67,16.4,13.7,15.5,15.8,44
CSX Corp.,CSX,16,1.45,8.33,9.1,10.1,8.8,12.6,25.1
Cintas Corp.,CTAS,37,1.03,24.39,24.4,24.2,24.6,18.4,28.9
Community Trust Banc.,CTBI,39,4.63,5.56,9.6,5.8,4.8,3.1,48
Consolidated-Tomoka Land Co.,CTO,8,2.39,92.31,63,40.1,44.4,3.9,
CareTrust REIT Inc.,CTRE,7,5.37,11.11,10,9,47.7,,192.3
CubeSmart,CUBE,10,4.64,3.13,6.7,15.1,19.7,29,148.3
Culp Inc.,CULP,9,5.45,5,11.1,12.6,14.9,,233.3
CVB Financial Corp.,CVBF,7,3.69,28.57,21.4,12.3,11.2,7.2,52.2
Calavo Growers Inc.,CVGW,8,1.88,10,10,6.9,8,8.2,62.2
Codorus Valley Bancorp Inc.,CVLY,9,4.83,3.23,8.4,12.5,10.8,13.2,52.5
Chevron Corp.,CVX,33,5.63,8.4,6.2,3.5,2.5,6,255.5
California Water Service,CWT,53,1.81,7.59,5.1,4.6,4,3,
Citizens Financial Services,CZFS,22,4.35,23.33,2.3,2.4,2.8,7,
Dominion Energy Inc.,D,17,4.42,2.45,9.9,9.4,8.9,7.7,174.9
Donaldson Company,DCI,33,1.77,10.53,9.3,5.7,5.2,13.6,38.5
Dillard's Inc.,DDS,9,2,50,12.5,17.1,13.4,10.9,13.8
Douglas Emmett Inc.,DEI,10,3.81,7.69,6,6.4,5.8,8.1,54.4
Discover Financial Services,DFS,9,3.7,10,12,13.1,12.8,30.2,26.3
Dollar General Corp.,DG,6,0.75,12.5,10.6,8.8,,,21.7
Donegal Group Inc. A,DGICA,18,4.21,3.45,1.8,1.8,2,2.7,62.5
Donegal Group Inc. B,DGICB,18,4.11,3.92,2,2.1,1.9,2.6,
Quest Diagnostics Inc.,DGX,9,1.89,5.66,8.7,9.8,10.4,18.1,39.6
D.R. Horton Inc,DHI,6,1.27,16.67,19,22.5,25.6,15.3,13.8
Diamond Hill Investment Group Inc.,DHIL,6,8.57,12.5,12.5,14.5,17.6,-1,77.6
Danaher Corp.,DHR,7,0.43,5.88,8.1,11.1,29.1,34.5,19.8
Delek Logistics Partners LP,DKL,8,14.95,0.56,10.7,10.6,13.2,,124.5
Dicks Sporting Goods Inc.,DKS,6,3.47,13.64,22.2,22.1,17.1,,37.3
Dolby Laboratories Inc,DLB,6,1.45,15.79,17.9,16.5,51.2,,28.1
Digital Realty Trust,DLR,16,3.12,3.7,7.3,6.5,5.1,12.2,160.6
Dover Corp.,DOV,64,2.02,2.08,2.1,4.1,4.6,8.6,38.4
Amdocs Limited,DOX,9,2.1,14.91,13.9,13.5,13.2,,35.9
Domino's Pizza Inc.,DPZ,8,0.81,20,18.2,19.6,21.1,,29.9
Duke Realty Corporation,DRE,5,2.73,9.3,8,6.4,5.3,1.5,85.5
DTE Energy Company,DTE,11,3.76,7.14,7.1,7.1,7.3,6,68.9
Duke Energy Corp.,DUK,15,4.41,1.89,3,3.7,3.5,2.9,74.4
Eagle Bancorp Montana Inc.,EBMT,20,2.2,2.7,2.7,6,4.9,3.3,18.2
"Meridian Bancorp, Inc.",EBSB,6,2.78,14.29,31.8,34.2,,,25.4
Enterprise Bancorp Inc.,EBTC,26,3.04,9.37,10.3,7.2,5.9,5.4,28.1
Ecolab Inc.,ECL,28,0.88,2.17,12.2,9.5,10.8,12.6,35.4
Consolidated Edison,ED,46,4.08,3.38,3.5,3.4,3.3,2.3,78.7
El Paso Electric Co.,EE,9,2.27,6.94,7.1,7.3,6.5,,77
Enterprise Financial Services Corp,EFSC,6,2.45,5.88,31.9,14.8,24.2,11.4,21.6
Eagle Financial Services,EFSI,33,3.85,4,6.4,6.8,5.4,3.9,
EastGroup Properties Inc.,EGP,8,2.58,4.17,10.2,6,5.6,3.4,93.5
Encompass Health Corp.,EHC,7,1.53,3.7,4.8,5.4,7.8,,32.4
"Employers Holdings, Inc.",EIG,5,3.35,13.64,10,34.7,29.7,13.9,47.4
Edison International,EIX,17,4.39,4.08,1.2,8.5,11.5,7,73.9
Equity LifeStyle Properties,ELS,16,2.2,11.84,11.7,13.1,14.3,16.9,113.2
Emclaire Financial Corp.,EMCF,10,5.47,3.45,3.6,3.7,5.7,4.6,47.4
Eastman Chemical Co.,EMN,10,3.88,6.45,12.5,11.1,12.5,11.1,45
Emerson Electric,EMR,63,3.28,2.04,1.3,1.1,2.3,4,57
Enbridge Inc.,ENB,24,7.52,9.42,6.8,11.7,11.8,13,343.7
"Energizer Holdings, Inc.",ENR,5,2.73,3.45,2.6,5.4,,,88.2
Ensign Group Inc.,ENSG,13,0.46,5.26,4.1,5.9,11.9,14.1,10.6
Enterprise Products Partners LP,EPD,23,9.32,0.56,2.3,3.3,4.2,5,84.4
Equinix Inc.,EQIX,6,1.53,8.13,7.9,12,,,179.1
Erie Indemnity Company,ERIE,30,2.14,7.22,7.1,7.2,7.2,7.2,75
Eversource Energy,ES,22,2.71,6.07,5.9,6.3,6.4,8.5,79.7
Essex Property Trust,ESS,26,3.42,6.54,5.2,7.3,9,6.5,86.4
Eaton Corp. plc,ETN,11,3.44,2.82,7.6,7.6,7.7,11,57.4
Entergy Corporation,ETR,5,3.65,2.2,2.2,2.3,2,2,67
Eaton Vance Corp.,EV,39,4.16,7.14,11.3,9.9,9.4,8.6,43.9
Enviva Partners LP,EVA,6,7.78,0.74,4.2,8.9,,,697.4
Evans Bancorp Inc.,EVBN,9,4.75,11.54,13,11,9.9,5.5,42.8
Evercore Partners Inc.,EVR,13,4.21,16,17.9,20.8,16.8,15.9,38
Evergy Inc,EVRG,15,3.27,6.32,11.2,8.8,6.8,5,74.3
Exelon Corporation,EXC,5,3.99,5.52,5.1,4.7,3.2,-3.6,48.3
Expeditors International,EXPD,26,1.36,4,11.1,7.7,9.3,10.2,31.4
Exponent Inc.,EXPO,8,1.02,18.75,23.1,21.1,20.7,,47.5
Extra Space Storage Inc.,EXR,10,3.72,4.65,6,6.7,14.5,25.1,108.1
Exchange Bank (Santa Rosa CA),EXSR,8,4.27,4.35,14.3,15.6,23.2,,
First American Financial Corp.,FAF,11,3.49,4.76,5,11.9,14.9,,30.3
Fastenal Company,FAST,21,2.42,13.64,13,13.2,11.7,17.1,71.4
Fortune Brands Home & Security,FBHS,8,1.57,9.09,10,11.2,12.9,,29.6
First Business Financial Services Inc.,FBIZ,8,3.99,10,7.1,7.7,7.4,15.7,27.6
Farmers Bankshares Inc.,FBVA,8,3.76,9.09,9.8,12,30.3,,
First Community Bancshares Inc.,FCBC,8,4.68,19.05,23.1,17,13.9,12.3,43.7
First Community Corp.,FCCO,8,3.24,9.09,10,11.2,12.9,6.2,35.3
1st Constitution Bancorp,FCCY,5,2.8,20,17.6,81.7,,,24.5
"Fidelity D & D Bancorp, Inc.",FDBC,5,2.95,7.69,8.2,11.7,9.7,4.7,37.5
First Defiance Financial Corp.,FDEF,9,5.3,15.79,23.4,21.5,20.4,13,36.1
Factset Research System Inc.,FDS,22,1,6.94,12.9,13,13,13.6,32.6
FedEx Corp.,FDX,18,1.99,30,13,26,30,19.4,
Franklin Electric Co.,FELE,28,1.22,6.9,24.1,13.4,10.8,8.8,30.1
FBL Financial Group Inc.,FFG,10,5.6,4.17,4.3,4.6,6.5,20.1,55.4
Flushing Financial Corp.,FFIC,6,7.41,5,5,7.3,7,4.9,73.7
First Financial Bankshares Inc.,FFIN,10,1.7,8.33,13.4,11,11.5,7.5,43.7
First Farmers Financial Corp.,FFMR,13,2.84,3.23,29,23.3,19.2,15.2,
First Horizon Narional Corp.,FHN,9,6.42,7.14,24.4,27.5,22.9,,54.1
First Interstate Bancsystem Inc.,FIBK,11,4.35,9.68,10.7,12.1,14.1,,52.3
Financial Institutions Inc.,FISI,10,5.88,4,5.3,6.9,5.2,9.5,45
Fifth Third Bancorp,FITB,10,5.57,12.5,35.3,20.2,12.5,36.8,47.4
Comfort Systems USA Inc.,FIX,8,1.14,5,19.7,12.8,11.9,7.6,13.9
First of Long Island Corp.,FLIC,24,4.72,5.88,11.3,8.5,7.9,7.7,44.2
Flir Systems Inc.,FLIR,9,1.47,6.25,6.3,12.3,11.2,,73.9
Flowers Foods,FLO,19,3.39,5.26,5.6,6.3,9.1,9.6,181.8
Farmers and Merchants Bancorp,FMAO,16,2.95,6.67,11.1,10.1,7.4,5.2,37.2
First Mid-Illinois Bancshares Inc.,FMBH,9,3.14,11.11,5.6,7,7.1,7.2,30
First Midwest Bancorp,FMBI,7,4.29,16.67,20.9,13,11.6,8.7,35.7
F&M Bank Corp.,FMBM,8,5.46,4,1,9,7.6,5.2,
Farmers & Merchants Bancorp,FMCB,57,2.04,1.4,2.2,2.9,2.4,2.7,
Fidelity National Financial Inc.,FNF,8,4.14,6.45,5,22.1,19.2,12.5,46
First Bancorp Inc.,FNLC,6,5.82,3.45,11.3,9.6,7.6,4.3,50.6
Franco-Nevada Corp.,FNV,13,0.74,4,4.2,4.4,4.9,14.7,109.5
First Industrial Realty Trust Inc.,FR,8,2.64,8.7,5,9.2,18.3,13.8,49.8
Franklin Financial Services Inc.,FRAF,5,4.8,11.11,11.4,12.6,11.5,0.8,36
First Republic Bank,FRC,9,0.74,5.26,5.6,6,6.8,,15.6
First Merchants Corp.,FRME,8,3.71,18.18,19,22.8,28.1,7.8,34.6
Federal Realty Inv. Trust,FRT,52,5.26,2.94,2.2,2.6,5.1,4.6,92.9
FS Bancorp Inc.,FSBW,8,1.99,5,22.6,20.7,23.1,,16.7
First Savings Financial Group Inc.,FSFG,7,1.66,6.25,6.7,7.2,7.8,23.1,12.9
FirstService Corp.,FSV,6,0.71,10,10.9,10.8,,,
H.B. Fuller Company,FUL,51,1.73,1.56,3.3,4.9,6.7,8.9,26.3
Fulton Financial Corp.,FULT,5,4.64,8.33,8.5,9.4,9.8,7,44.1
First National Corp.,FXNC,7,3.32,22.22,80,44.2,36.9,-4.3,
German American Bancorp,GABC,8,2.45,11.76,13.3,12.3,9.8,6.2,35.2
Gladstone Investment Corp.,GAIN,9,7.57,2.94,1.9,2.9,2.5,3.1,
GATX Corp.,GATX,10,3.06,4.35,4.5,4.8,6.9,5.1,32
Glacier Bancorp Inc.,GBCI,8,2.82,7.41,9.9,12,10.3,7.9,51.1
Greenbrier Companies Inc.,GBX,7,5.09,8,2,6.8,27.2,38,44.4
"Greene County Bancorp, Inc.",GCBC,6,2,10,6.3,3.8,3.4,2.1,20.7
General Dynamics,GD,29,3,7.84,9.9,10.3,10.5,10.4,37.1
GEO Group Inc.,GEO,8,16.03,2.13,2.1,3.5,4.3,,151.2
Guaranty Federal Bancshares,GFED,7,4.33,15.38,8.3,17.6,28.2,,28.3
Griffon Corp.,GFF,9,1.79,3.45,3.7,11.7,17.6,,31.3
Graco Inc.,GGG,23,1.45,9.37,21.2,13.3,11.8,9.7,36.5
Gilead Sciences Inc.,GILD,6,3.49,7.94,10.5,11.1,,,69.9
Globe Life Inc,GL,15,0.97,8.7,7.5,6.9,6.6,10.5,11.2
Corning Inc.,GLW,10,3.86,10,11.1,14,14.9,14.9,258.8
Gentex Corp.,GNTX,10,1.82,4.35,5.8,9.1,8.7,7.5,29.6
Genuine Parts Co.,GPC,64,3.79,3.61,6.1,5.1,5.5,6.6,77.5
W. R. Grace & Co.,GRA,5,2.3,11.11,12.5,28.4,,,55.8
Gorman-Rupp Company,GRC,47,1.89,7.41,7.8,8.6,8.3,7.8,44.3
Goldman Sachs Group Inc.,GS,9,2.54,47.06,31.7,16.9,13,11.5,27.2
Great Southern Bancorp Inc.,GSBC,6,3.35,6.25,16.1,13.9,10.8,6.1,27.5
Getty Realty Corp.,GTY,8,5.56,5.71,9.4,11.9,11.8,-2.9,118.4
W.W. Grainger Inc.,GWW,48,1.86,5.88,6,5.6,6.4,12.3,40.8
Hasbro Inc.,HAS,16,3.7,7.94,8.5,10.3,9.6,12.8,82.9
Huntington Bancshares Inc.,HBAN,9,6.75,7.14,21.3,26.7,23.3,13.3,61.2
Home Bancorp Inc.,HBCP,6,3.7,4.76,18.3,27,64.4,,36.5
Horizon Bancorp,HBNC,9,4.68,20,13.8,18.2,15.6,12.6,32
The Hackett Group Inc.,HCKT,6,2.61,5.88,12.5,11.5,24.6,,53.7
Healthcare Services Group Inc.,HCSG,18,3.39,0.62,2.6,2.7,2.7,4.9,80.2
Home Depot Inc.,HD,11,2.41,10.29,32,25.4,23.7,19.4,59.6
HDFC Bank Limited,HDB,18,1.54,18.08,18.1,15.2,13.1,18.4,124.2
HEICO Corp.,HEI,13,0.16,14.29,33.6,19.5,17.9,18.7,5.9
Home Federal Bancorp Inc. of Louisiana,HFBL,6,2.67,14.29,15.4,20.8,18.2,9.6,29.8
Heritage Financial Corp.,HFWA,10,4.21,5.26,2.8,16.3,16.8,22.2,46.8
Hillenbrand Inc.,HI,13,3.3,1.19,1.4,1.2,1.2,1.3,
Hingham Institution for Savings,HIFS,13,1.02,2.44,10.8,8.1,7.2,6.1,11.7
Hartford Financial Services Group Inc.,HIG,10,3.4,8.33,14.3,12.6,13.8,9.8,27.7
Huntington Ingalls Industries Inc.,HII,8,2.06,19.77,19.5,19.8,29.3,,28.2
Heartland BanCorp,HLAN,8,3.77,9.62,9.9,9.6,7.5,4.7,
"Houlihan Lokey, Inc.",HLI,5,2.05,14.81,18.8,22.1,,,44.3
Hoegh LNG Partners LP,HMLP,6,16.97,2.33,0.6,2.2,57.2,,169.2
Horace Mann Educators Corp.,HMN,11,3.29,4.35,0.9,2.8,4.6,17.1,29.5
HNI Corp.,HNI,9,4.79,3.39,3.4,3.5,4.1,3.5,61.9
Hennessy Advisors Inc.,HNNA,6,6.88,25,20.7,29.7,34.3,23.5,43
Home Bancshares Inc.,HOMB,9,3.59,8.33,10.9,14.2,23.9,25.1,39.7
Honeywell International Inc.,HON,9,2.47,9.76,10,11.1,12.5,10.8,43.3
Honat Bancorp Inc.,HONT,15,1.56,4.55,6.6,14,11.3,12,
Hope Bancorp Inc.,HOPE,8,5.9,7.69,3.7,7.6,9.9,35.2,45.9
Hewlett Packard Enterprise Company,HPE,5,4.94,6.67,20,39.8,,,49
HP Inc.,HPQ,10,4.66,9.99,15,9.2,17.4,15.6,35.6
Hill-Rom Holdings Inc.,HRC,10,0.87,4.76,5,7.3,6.6,7.4,40.4
Hormel Foods Corp.,HRL,53,1.9,10.71,12,13.1,16,16,54.7
Hershey Company,HSY,10,2.28,7.06,8.5,7.6,7.9,9.7,58.3
Healthcare Trust of America Inc.,HTA,8,4.76,1.61,1.6,1.7,1.6,,787.5
Heritage Commerce Corp.,HTBK,8,6.4,8.33,9.1,10.1,21.7,37.4,81.3
Hilltop Holdings Inc.,HTH,5,1.93,12.5,14.3,74.7,,,14.2
Hubbell Inc.,HUBB,12,2.97,8.33,8.9,9.8,10.7,9.4,49.5
Humana Inc.,HUM,10,0.61,13.64,13.2,22.8,14.3,,12.8
Hurco Companies Inc.,HURC,8,1.66,8.33,9.3,10.3,12.6,,35.9
Hawthorn Bancshares Inc.,HWBK,8,2.44,20,29.4,30.1,19.7,-0.7,24.5
Hawkins Inc.,HWKN,16,2.17,1.09,3.4,3.9,4.5,5.5,34.8
Hyster-Yale Materials Handling Inc.,HY,8,3.47,2.42,2.4,2.6,3.3,,44.6
Independent Bank Corp. MI,IBCP,7,5.79,11.11,20,28.4,32,33.5,43.7
IBERIABANK Corporation,IBKC,5,4.43,4.44,13.2,7.6,4.8,2.4,32.5
International Business Machines,IBM,25,5.22,0.62,3.5,5.3,8.6,11.6,63.5
International Bancshares Corp.,IBOC,10,3.57,10,40,21.2,15.1,11.9,38.3
Independent Bank Group Inc.,IBTX,6,2.64,78.57,85.2,43.3,33,,21.5
Intercontinental Exchange Inc.,ICE,8,1.23,9.09,14.6,17.4,16.2,,32.1
Idacorp Inc.,IDA,8,2.87,6.35,6.7,7.2,7.8,7.9,59.6
IDEX Corp.,IEX,10,1.25,16.28,16.3,12.9,12.5,14.9,36.7
International Flavors & Fragrances,IFF,17,2.25,2.74,5.7,8.5,12.5,11.5,71.8
Independence Holding Company,IHC,7,1.51,10,40,32.6,38,21.5,83
Independent Bancorp MA,INDB,10,2.65,4.55,16.4,14.6,12.6,9,40.4
Ingredion Inc.,INGR,9,2.99,0.8,3.3,10.6,8.3,16.2,43.83
Intel Corp.,INTC,6,2.1,4.76,5,6.6,7,8.4,25.5
Intuit Inc.,INTU,9,0.73,12.77,18.3,16.1,18.8,,41.9
Innospec Inc.,IOSP,6,1.35,4,14.6,15,13.1,35.2,22.2
International Paper Co.,IP,10,6.02,2.5,4.5,4.1,6.9,20,123.5
Interpublic Group of Companies Inc.,IPG,8,5.96,8.51,11.9,16.1,19.9,,60
Iron Mountain Inc.,IRM,10,9.6,1.23,4,6.8,10.4,,235.6
Isabella Bank Corp.,ISBA,15,6.55,3.85,1,2.3,3.4,7.5,
Investors Bancorp,ISBC,9,5.53,9.09,15.8,19.2,29.8,,65.8
Investar Holding Corp.,ISTR,6,1.84,8.89,50.2,80.7,101.8,,18.2
ITT Corp.,ITT,8,1.17,14.97,9.7,5.8,6,6.1,17.8
Illinois Tool Works,ITW,45,2.48,7,21.9,21,18.5,12.6,55.5
JB Hunt Transport Services Inc.,JBHT,17,0.9,3.85,8.3,5.7,5.4,9,23.2
J&J Snack Foods Corp.,JJSF,16,1.79,15,11.1,8.6,9.3,17.8,53.9
Jack Henry & Associates,JKHY,30,0.95,7.5,8.1,12.6,12.7,16.8,44.7
Jones Lang Lasalle,JLL,9,0.84,4.88,4.9,10.4,12.4,15.7,8.5
Johnson & Johnson,JNJ,58,2.72,6.32,5.9,6,6.3,6.9,63
Johnson Outdoors Inc.,JOUT,7,0.88,21.43,22.9,21.4,14.5,,12.9
JPMorgan Chase & Co.,JPM,9,3.7,12.5,33.1,21.5,16.2,20.1,40.6
John Wiley & Sons Inc.,JW-A,26,3.38,3.03,3.1,3.2,4.4,9.5,52.7
Kellogg Company,K,16,3.49,1.79,2.7,3.5,3.5,4.7,76
Kadant Inc.,KAI,8,0.99,4.35,4.6,7.1,9.6,,20.5
Kaiser Aluminum Corp.,KALU,9,3.74,11.67,9.1,10.1,11.4,9.6,68.5
Kimball International Inc.,KBAL,5,3.22,12.5,6.9,11.3,9.2,0,31
KeyCorp,KEY,9,6.24,8.82,22.1,27.9,22.5,22.3,54.8
KLA-Tencor Corp.,KLAC,10,1.93,13.33,9.2,13.9,10.3,17.8,53
Kimberly-Clark Corp.,KMB,48,3.03,3.88,3,4,4.7,6,62.5
"Kinsale Capital Group, Inc.",KNSL,5,0.24,12.5,14.3,47.4,,,16.1
Coca-Cola Company,KO,58,3.51,2.5,2.6,4.6,5.6,6.9,70.7
Kroger Company,KR,14,1.96,14.29,13.2,10.1,12,12.6,31.4
Kearny Financial Corp.,KRNY,6,3.73,14.29,56.3,46.2,,2.3,65.3
Kennedy-Wilson Holdings Inc.,KW,10,6.28,4.76,10.5,15.9,19.8,,56.8
Quaker Chemical Corp.,KWR,12,0.9,4.05,4.1,4.3,6.5,5.1,
Lithia Motors Inc.,LAD,10,1,3.45,4.4,7.8,14.3,,10.8
Lancaster Colony Corp.,LANC,57,1.82,7.69,8.2,8.9,8.3,8.7,55.2
Gladstone Land Corp.,LAND,6,3.7,0.11,0.5,2.6,8.2,,
Landmark Bancorp Inc.,LARK,17,3.2,5,0,3.3,5.1,5,31.1
Lazard Limited,LAZ,12,7,6.82,6.9,7.5,9,15.2,84.7
Lakeland Bancorp Inc.,LBAI,9,4.5,8.7,10.1,9.8,10.8,6.6,37.9
Lincoln Electric Holdings,LECO,25,2.39,4.26,20.5,13.7,15.4,13.3,43.9
Leggett & Platt Inc.,LEG,48,5.23,5.26,5.4,5.7,5.2,4.4,68.1
Littelfuse Inc.,LFUS,10,1.18,11.63,13.8,13.6,14.1,,37.5
L3Harris Technologies Inc,LHX,19,1.7,13.33,14.3,11.7,10,13.1,49.1
Lennox International Inc.,LII,10,1.44,20.31,22.6,21.3,21.2,17.5,34.3
Linde Plc,LIN,27,1.9,10.06,6.1,5.3,6.1,8.1,90
Lakeland Financial Corp.,LKFN,8,2.81,15.38,16,16.9,16.2,10.9,37.4
Eli Lilly & Company,LLY,6,1.94,14.73,14.7,8.1,5.7,2.8,49.1
Legg Mason Inc.,LM,9,3.21,17.65,24.2,22.4,20.3,16.7,57.6
LeMaitre Vascular Inc.,LMAT,10,1.41,11.76,21.4,24.8,20.3,,43.2
Limoneira Company,LMNR,11,2.25,20,20,14.5,12.7,25.4,
Lockheed Martin,LMT,17,2.47,9.09,9.8,10,10.4,14.4,43.6
Lincoln National Corp.,LNC,10,4.22,8.11,12.1,14,18.3,20,48.1
Lindsay Corp.,LNN,18,1.36,3.23,1.6,2.8,3.2,14.9,74
Alliant Energy Corp.,LNT,17,3.08,7.04,6,6.5,6.8,6.6,60.8
Logitech International,LOGI,6,1.23,6.49,6.5,8.8,22.3,,27.6
Logansport Financial Corp.,LOGN,7,4.18,16.67,3.7,13,16.9,8.8,
Lowe's Companies,LOW,57,1.69,14.58,15.7,17.8,20.2,19.4,37.1
Lam Research Corp.,LRCX,6,1.68,4.55,40.6,55.4,65.7,,33.1
Landstar System Inc.,LSTR,15,0.64,12.12,11.1,27.2,21.9,15.2,14.3
Southwest Airlines Co.,LUV,8,2.24,12.5,22.8,23.1,26,42.7,21.6
LyondellBasell Industries NV,LYB,9,6.59,5,3.8,7.6,9,,53.5
Lyons Bancorp Inc.,LYBC,20,3.49,3.33,9,8.4,12.1,12,
MasterCard Inc.,MA,9,0.53,21.21,32,20.2,24.6,36.2,20.5
Mid-America Apartment Communities Inc.,MAA,10,3.44,4.17,4.1,5.4,5.6,4.6,149.8
Main Street Capital Corp.,MAIN,9,7.88,2.5,5.2,3.6,3.9,4.9,
ManpowerGroup Inc.,MAN,9,3.15,7.92,7.9,9.5,17.3,11.4,31.6
Masco Corp,MAS,6,1.16,12.5,13.8,8.7,8.4,0.7,23.2
Matthews International,MATW,25,4.06,5,5.2,9.3,12,11.8,
Matson Inc.,MATX,8,3.08,4.76,4.9,5.1,5.4,,51.5
Mercantile Bank Corp.,MBWM,9,4.88,3.7,14,17.1,17.2,31.2,38
Macatawa Bank Corp.,MCBC,7,4.33,14.29,12,32.6,28.5,,35.6
McDonald's Corp.,MCD,44,2.68,7.76,12.9,9.4,7.6,8.7,65.5
Microchip Technology Inc.,MCHP,19,1.53,0.14,0.5,0.6,0.6,0.8,66.2
McKesson Corp.,MCK,12,1.03,5.13,12.1,12.2,10.5,12.7,31.7
Moody's Corp.,MCO,11,0.84,12,13.6,11.1,12.3,17.5,27.8
Mercury General Corp.,MCY,33,6.26,0.4,0.4,0.4,0.4,0.8,311.1
Mondelez International Inc.,MDLZ,8,2.19,9.62,15.8,13.9,12.9,,44.5
Medtronic plc,MDT,43,2.35,7.41,8.3,8.7,12.2,10.2,65.9
MDU Resources,MDU,28,3.81,2.47,3.2,2.8,2.8,2.8,51.9
"Medifast, Inc.",MED,5,4.42,50.67,56.3,44.2,,,71.8
MetLife Inc.,MET,8,5.11,4.55,4.8,3.4,8.1,10.2,19.6
Manulife Financial Corporation,MFC,7,9.02,12,9.9,10.6,11.9,2.5,67.1
Mackinac Financial Corp.,MFNC,7,5.33,16.67,4.2,7.7,20.1,,44.1
Magna International Inc.,MGA,11,3.79,9.59,10.6,13.4,13.9,41.6,53.9
MGE Energy Inc.,MGEE,44,2.08,4.44,4.5,4.6,4.5,3.6,55.1
MGM Growth Properties LLC,MGP,5,6.85,1.06,8.3,41.7,,,575.8
McGrath Rentcorp,MGRC,28,3.01,12,14.5,13,8.5,5.5,42.1
Mobile Mini Inc.,MINI,7,3.78,10.18,10,10.1,10.1,,72.6
McCormick & Co.,MKC,33,1.42,8.77,9.6,9.9,9,9,47.7
MKS Instruments Inc.,MKSI,9,0.76,11.11,2.6,5.6,4.1,,22.4
MarketAxess Holdings Inc.,MKTX,12,0.47,17.65,21.4,25.2,26.1,40.1,40.1
Malaga Financial Corp.,MLGF,9,4.55,5,5,7,9.5,13.2,
Marsh & McLennan Companies Inc.,MMC,10,1.72,9.64,10.1,10.2,10.4,8.1,52.2
3M Company,MMM,62,3.76,2.08,5.9,9.1,11,10.9,69
Magellan Midstream Partners LP,MMP,20,9.06,0.74,6.4,7.5,10,11,85.3
Marquette National Corp.,MNAT,7,4.47,4,102,39.7,42.5,6.6,
Monro Inc.,MNRO,15,1.6,10,10.3,9.2,11.5,16.9,38.3
Altria Group Inc.,MO,50,8.6,5,14.7,12.5,10.8,9.7,
MidWest One Financial Group Inc.,MOFG,10,4.59,8.64,3.8,8.2,6.9,10.4,40.4
Morningstar Inc.,MORN,10,0.78,7.14,20,10.9,12,,36.4
Mid Penn Bancorp,MPB,6,3.86,20,15,12.9,14.5,2.9,35.1
Marathon Petroleum Corp.,MPC,10,6.6,9.43,15.2,15.9,18.2,,
MPLX LP,MPLX,8,14.48,1.48,6.4,9.3,14.6,,
Medical Properties Trust Inc.,MPW,7,5.97,3.85,2,3.9,3.8,2.4,131.7
Merck & Company,MRK,9,3.02,10.91,14.6,6.1,4.6,3.8,61.3
Morgan Stanley,MS,6,3.17,16.67,18.2,22.9,30,11.5,29.1
MSA Safety Inc.,MSA,49,1.45,2.38,10.1,7.8,5.9,5.5,43.1
"Midland States Bancorp, Inc.",MSBI,5,7.15,10.31,10.2,39.2,,,61.1
MSCI Inc.,MSCI,6,0.83,17.24,31.3,36.1,69.5,,43.6
Middlesex Water Co.,MSEX,47,1.51,6.77,7.1,6.5,5.1,3.2,50
Microsoft Corp.,MSFT,18,1.11,10.87,9.9,8.7,10.4,13.8,36
Motorola Solutions Inc.,MSI,10,1.89,12.28,13,12.7,13.1,27.8,49.2
MSC Industrial Direct Co. Inc.,MSM,17,4.33,19.05,16.5,16.6,14.7,13.2,62.2
Materion Corp.,MTRN,8,0.88,4.55,4.8,5.1,5.4,,31.1
"Mueller Water Products, Inc.",MWA,5,2.25,5,2.5,23.1,24,11.3,30.9
Maxim Integrated Products,MXIM,18,3.33,4.35,6.8,14.3,11.7,8.9,64.7
Muncy Bank Financial Inc.,MYBF,18,3.76,6.06,3.1,7.5,8.8,8.8,
National Instruments Corp.,NATI,7,2.69,4,8.7,7.7,10.8,12.1,50.5
NBT Bancorp Inc.,NBTB,7,3.45,3.85,6.1,5.3,4.6,2.8,46.6
NACCO Industries,NC,35,2.93,1.32,11.4,29.8,17.9,13.5,17.5
Nasdaq Inc.,NDAQ,9,1.65,4.26,8.8,15.2,26.1,,44.9
Nordson Corp.,NDSN,56,0.81,8.57,14.4,11.9,13.5,14.5,26
NextEra Energy Inc.,NEE,26,2.19,12,12.6,12.8,11.5,10.2,76.3
NextEra Energy Partners LP,NEP,7,4.34,3.74,14.9,14.9,60,,
NewMarket Corp.,NEU,14,1.74,8.57,2.1,3.8,10.2,23,30.6
Northfield Bancorp Inc.,NFBK,7,4.03,10,7.5,11.5,10.6,14.2,57.1
National Fuel Gas,NFG,49,4.15,2.35,2.4,2.4,2.5,2.7,165.7
National Healthcare Corp.,NHC,16,3.1,4,4.1,6.3,9.1,7.4,160
National Health Investors,NHI,18,7.95,5,5.1,5.3,6.4,6.6,104.8
NiSource Inc.,NI,9,3.52,5,2.6,7.7,14.8,8.3,171.4
Northeast Indiana Bancorp,NIDB,25,3.6,8,5.2,6.3,5.4,4.4,
New Jersey Resources,NJR,24,3.56,6.84,7.2,6.9,6.8,6.7,62.5
Nike Inc.,NKE,18,0.99,11.36,10,11.2,12.9,13.2,36.3
"Nelnet, Inc.",NNI,5,1.62,11.11,12.1,14,13.1,26.6,53.7
National Retail Properties,NNN,30,6.56,3,4.1,4.5,4.2,3.1,139.2
Northrop Grumman,NOC,17,1.73,9.85,9.8,13.8,13.7,12.9,43.7
Neenah Paper Inc.,NP,10,3.72,4.44,9.8,10.9,12,16.2,53.1
Enpro Industries Inc.,NPO,6,2.31,4,4.2,6,,,212.2
Northrim BanCorp Inc.,NRIM,11,5.9,3.03,23.5,17.3,12.5,12.2,52.5
National Storage Affiliates Trust,NSA,5,4.4,3.13,9.5,13,,,
Insperity Inc.,NSP,10,3.09,33.33,50,35.3,26.5,16.5,46.5
NetApp Inc.,NTAP,7,4.31,20,46.7,33.5,22.8,,45
Northern Trust Corp.,NTRS,8,3.54,16.67,26.3,18.8,13.9,8.1,41.8
Nucor Corp.,NUE,47,3.81,0.63,5.3,2.2,1.6,1.3,62.4
Nu Skin Enterprises Inc.,NUS,20,4.03,1.35,1.4,1.4,1.4,12.4,55.6
NVIDIA Corp.,NVDA,8,0.18,6.67,4.9,9.7,13.5,,14.2
Northwest Bancshares Inc.,NWBI,11,7.63,5.56,5.9,6.3,6.7,6.3,86.4
NorthWestern Corp.,NWE,16,3.99,4.35,4.5,4.8,7.5,5.6,67.8
Norwood Financial,NWFL,22,4.08,4.17,9.1,5.1,3.7,3.9,44.8
Northwest Natural Gas,NWN,64,2.98,0.53,0.5,0.5,0.6,1.7,83
NexPoint Residential Trust Inc.,NXRT,5,3.91,13.64,11,10.7,,,23.5
Nexstar Media Group Inc.,NXST,8,2.69,24.44,20,23.3,24.6,,32.2
Realty Income Corp.,O,27,5.06,0.22,3,4.3,4.3,4.7,192.8
Owens Corning Inc.,OC,7,1.83,9.09,4.8,7.4,12.9,,
OceanFirst Financial Corp,OCFC,6,4.07,13.33,9.7,8,6.8,-1.6,42.5
Oil-Dri Corp. of America,ODC,17,2.82,4.17,4.3,4.5,4.7,5.4,42.9
OGE Energy Corp.,OGE,13,4.95,6.16,8.8,9.6,9.9,7.6,
ONE Gas Inc.,OGS,7,2.57,8,8.7,12.6,18.9,,62.3
Omega Healthcare Investors,OHI,17,8.61,1.52,0.4,3.9,5.6,8.2,168.6
ONEOK Inc.,OKE,18,10.19,2.19,8.8,12.8,10.7,17.3,194.8
Omnicom Group Inc.,OMC,10,4.75,8.33,6.3,6.7,7.2,15.6,42.8
Oracle Corp.,ORCL,11,1.79,26.32,19.7,14.9,13.6,19.8,30.2
Old Republic International,ORI,39,5.39,5,2.6,2.2,1.8,1.6,700
Orrstown Financial Services Inc.,ORRF,6,5.04,13.33,20,19.7,,-3.8,39.5
Oshkosh Corp.,OSK,7,1.67,11.11,12.1,12.5,12.4,27.2,17.2
Open Text Corp.,OTEX,7,1.68,15.02,15,14.9,15.1,,67.8
Otter Tail Corp.,OTTR,7,3.45,5.71,4.5,3.8,3,1.6,70.1
Oak Valley Bancorp,OVLY,7,2.03,3.7,3.8,4,10.4,26.9,18.8
Bank OZK,OZK,24,4.8,3.85,18.2,14.3,14.9,21.9,32.7
Paychex Inc.,PAYX,9,3.43,10.71,11,11.2,10.6,6.9,80.8
Prosperity Bancshares,PB,22,2.81,12.2,13.9,11,11.3,11.5,38.7
People's United Financial,PBCT,28,6.29,1.41,1.4,1.5,1.5,1.5,56.7
"Pathfinder Bancorp, Inc.",PBHC,5,2.3,4.35,1.1,6.3,14.9,2.2,25.3
Paccar Inc.,PCAR,9,1.73,14.29,17.4,10.1,8.3,9,21
Peoples Bancorp of North Carolina,PEBK,8,3.43,7.14,7.7,17.5,27.9,9,27.9
Public Service Enterprise Group Inc.,PEG,9,3.84,4.26,4.4,4.7,4.9,3.5,69
PepsiCo Inc.,PEP,48,3.11,7.07,8.7,9,9,8,79.1
PetMed Express Inc.,PETS,12,3.1,3.7,3.8,12.9,9.7,18.4,86.8
Preferred Bank,PFBC,6,3.19,20,27.7,26,64.4,31.1,23.2
Pfizer Inc.,PFE,10,3.98,5.56,5.9,6.3,6.7,6.1,55.5
Principal Financial Group Inc.,PFG,12,5.8,1.82,3.8,10.6,10.6,15.9,50
Provident Financial Services Inc.,PFS,9,7.06,9.52,12.2,9,8.9,7.7,61.3
Procter & Gamble Co.,PG,64,2.73,6.01,4,3.4,3.1,5.6,167.3
Parker-Hannifin Corp.,PH,63,1.96,15.79,15.6,10.5,10.4,13,34.5
Polaris Industries,PII,25,2.84,1.64,1.7,3.5,4.9,12.1,57.3
Parke Bancorp Inc.,PKBK,6,4.6,14.29,15.4,24.6,43.1,,25.6
Packaging Corp of America,PKG,9,3.12,25.4,11.3,11.5,14.6,15.5,46.1
Prologis Inc.,PLD,7,2.54,9.43,10.4,8.1,9.9,6.6,87.9
Douglas Dynamics Inc.,PLOW,11,3.07,2.75,2.8,5.1,4.6,,65.9
Philip Morris International,PM,12,6.38,2.63,3.8,3.8,3.4,7.6,95.3
Pioneer Bankshares Inc.,PNBI,11,3.69,4.55,4.8,5,5.3,4.4,
PNC Financial Services Group Inc.,PNC,9,4.03,21.05,23.5,25.6,17.4,19.8,42.8
PNM Resources Inc.,PNM,9,3.01,6.03,9.4,9.6,9.4,8.8,227.8
Pentair Ltd.,PNR,44,1.94,5.56,-7.3,-5.9,0.6,4.6,33.8
Pinnacle West Capital Corp.,PNW,8,4.02,6.1,6.1,5.8,5.4,3.6,82.8
PolyOne Corp.,POL,10,3.27,3.85,11.4,17.6,19.5,,75.7
Pool Corp.,POOL,10,0.86,5.45,22.1,20.8,19.8,15,36.5
Portland General Electric Co.,POR,14,3.27,6.21,6.4,6.4,6.1,4.1,62.1
Power Integrations Inc.,POWI,8,0.78,10.53,9.4,10.4,9.7,21.5,12.5
Pinnacle Bankshares Corp.,PPBN,8,2.86,12,22.5,12.8,11.2,18.5,
PPG Industries Inc.,PPG,48,2.01,6.25,6.5,8.3,8.6,6.4,41.4
PPL Corp.,PPL,19,5.94,0.61,1.4,2.8,3.6,2.5,67.5
Peoples Ltd.,PPLL,8,3.55,3.77,5.9,4.7,8.8,,
Perrigo Company plc,PRGO,18,1.64,7.14,7.9,12.2,14.3,13.7,65.2
Primerica Inc.,PRI,11,1.41,17.65,36,24.8,23.2,,18.7
Prudential Financial Inc.,PRU,12,7.22,10,11.1,12.6,13,19,61
PS Business Parks Inc,PSB,6,3.14,23.53,10.5,11.9,16,9.1,93.3
PSB Holdings Inc.,PSBQ,26,2.11,11.11,12.9,10.7,7.6,6.2,
Phillips 66,PSX,8,4.6,12.5,12.9,12.6,13.1,,455.7
Phillips 66 Partners LP,PSXP,8,7.83,1.16,29,19.8,24.9,,71.9
People's Utah Bancorp,PUB,6,2.26,7.69,19.5,19.1,,,23.9
Qualcomm Inc.,QCOM,18,3.21,4.84,2.1,6.2,9,14,77.2
QNB Corp.,QNBC,10,4.74,3.03,3.1,3.2,3.3,3.2,
Quaint Oak Bancorp Inc.,QNTO,12,3.27,28.57,30.8,29.2,24.2,21.1,
Restaurant Brands International Inc.,QSR,6,3.81,4,8.3,46.5,,,89.7
QTS Realty Trust Inc.,QTS,7,2.74,6.82,6.8,7.3,9.3,,
Ryder System,R,15,6.54,3.7,3.8,9,9.2,8.6,
Ritchie Brothers Auctioneers Inc.,RBA,19,1.85,11.11,8.6,4.8,7.1,7.2,57.1
Regal Beloit Corp.,RBC,15,1.51,7.14,7.4,7.3,6.7,6.1,25.1
Republic Bancorp KY,RBCAA,22,3.57,8.33,9.3,8.3,7.3,7.2,27.2
Everest Reinsurance Group Ltd.,RE,7,3.12,10.71,8.5,7,12.4,11.6,37.6
Regency Centers Corp.,REG,7,5.56,1.71,5.4,5.4,4.5,1,321.6
Rexford Industrial Realty Inc.,REXR,7,2.16,16.22,14.4,9.8,8.3,,179.2
Regions Financial Corp.,RF,7,5.48,10.71,40.2,32,29.2,10.1,48.4
Reinsurance Group of America Inc.,RGA,11,3.09,16.67,18.2,18.6,15.6,21.9,29.2
RGC Resources Inc.,RGCO,16,2.65,6.06,6.5,6.9,6,4.5,50.4
Royal Gold Inc.,RGLD,19,0.84,5.66,6,4.8,4.8,12.7,41.5
Resources Connection Inc.,RGP,10,5.1,7.69,8,8.7,12.5,,53.3
Robert Half International Inc.,RHI,17,2.68,9.68,10.7,12.1,11.5,10,36.2
Raymond James Financial Inc.,RJF,8,2.14,8.82,23.6,19.3,16.3,11.9,21.9
RLI Corp.,RLI,45,1.22,4.35,4.6,4.8,5.1,5.6,67.6
RE/MAX Holdings Inc.,RMAX,7,3.14,4.76,5,11.9,27.4,,67.7
ResMed Inc.,RMD,8,0.97,5.41,5.6,6.5,7.5,,44.1
RenaissanceRe Holdings,RNR,25,0.83,2.94,3,3.1,3.2,3.5,17.8
Rockwell Automation Inc.,ROK,10,1.89,5.15,7.8,10.2,10.5,13,67.2
Roper Technologies Inc.,ROP,27,0.52,10.81,12.1,15.5,18.3,18.8,13.2
RPM International Inc.,RPM,46,1.93,2.86,7.6,7.8,7.5,5.8,57.8
Reliance Steel & Aluminum Co.,RS,10,2.58,13.64,10,10.1,9.5,18.6,29.6
Republic Services Inc.,RSG,17,1.9,8,8.5,7.8,7.6,7.2,47.9
Raytheon Technologies,RTX,26,2.94,-32.14,3.7,3.9,4.5,6.7,40
Riverview Bancorp Inc,RVSB,6,4,11.11,30.8,29.9,,,29
Saratoga Investment Corp.,SAR,5,14.76,1.82,5.8,8.6,,,39.6
Sandy Spring Bancorp Inc.,SASR,9,4.95,7.14,7.3,6.4,9.2,12.3,44.6
SB Financial Group Inc.,SBFG,8,2.59,5.26,12.5,14.5,17.6,0,31.8
Sinclair Broadcast Group Inc.,SBGI,9,4.28,11.11,8.1,4.3,4.9,14.9,49.4
Southside Bancshares,SBSI,25,4.4,3.33,2.5,10.4,10.1,12.6,70.5
Starbucks Corp.,SBUX,10,2.1,13.89,12.9,20.6,22.1,,58.4
Charles Schwab Corporation,SCHW,5,2.01,5.88,47.8,36.1,23.2,11,28
Service Corp International,SCI,10,1.93,5.56,5.9,12.2,16.2,16.2,37.8
Stepan Company,SCL,52,1.13,10,10.8,9.3,8.2,8.6,24.2
Shoe Carnival Inc.,SCVL,8,1.31,6.25,6.5,6.9,6.6,,41
SEI Investments Company,SEIC,29,1.29,6.06,10,8.3,8.4,15.2,21.7
Sound Financial Bancorp Inc.,SFBC,8,2.5,7.14,3.7,23.1,22.9,16.7,25
ServisFirst Bancshares Inc.,SFBS,7,2.01,16.67,57.9,58.7,64.4,,25.5
Simmons First National Corp.,SFNC,9,3.97,6.25,9.6,9.9,7.7,4.9,26.3
Superior Group of Companies Inc.,SGC,6,4,5.26,2.6,5.6,7,4,46.51
Star Group LP,SGU,8,6.71,6,6.5,7,7.4,6.2,103.92
"Shore Bancshares, Inc.",SHBI,5,4.8,20,31.3,44.2,,-4.1,39.02
Shenandoah Telecommunications,SHEN,7,0.55,7.41,7.4,5.1,4.3,6.1,26.85
Shell Midstream Partners LP,SHLX,6,13.64,3.37,18.3,20.4,,,118.71
Sherwin-Williams Co.,SHW,42,0.9,18.58,31.4,10.4,15.5,12.3,30.95
Selective Insurance Group Inc.,SIGI,6,1.75,15,12.2,10.8,9.4,4.8,24.53
South Jersey Industries,SJI,21,4.16,2.61,2.7,2.9,4.1,6.9,118
J.M. Smucker Co.,SJM,22,3.09,3.53,6.1,6.8,7.2,9.7,64.23
SJW Corp.,SJW,53,2.04,6.67,7.1,14,9.9,6.2,185.51
"SkyWest, Inc.",SKYW,5,1.75,16.67,20,36.2,24.6,11.6,10.14
SL Green Realty Corp.,SLG,9,8.4,4.13,4.6,5.7,11.2,13.6,88.06
Silgan Holdings Inc.,SLGN,17,1.44,9.09,10,9,8,8.8,26.09
Southern Missouri Bancorp Inc.,SMBC,8,2.47,15.38,16.7,13.8,11.2,8.8,19.67
Scotts Miracle-Gro Company,SMG,10,1.63,5.45,4.6,5.2,4.9,16.3,43.61
"Summit Financial Group, Inc.",SMMF,6,4.05,13.33,11.3,13.8,,25.7,29.18
Snap-on Inc.,SNA,10,3.33,13.68,15.2,15.7,16.3,12.6,36.8
Synovus Financial,SNV,7,6.88,10,27.8,33.8,48.4,29,44.9
Southern Company,SO,20,4.49,3.23,3.4,3.4,3.4,3.6,76.65
Southern Michigan Bancorp Inc.,SOMC,8,3.29,4.55,4.7,8.7,10,9.9,
Sonoco Products Co.,SON,37,3.32,4.88,4.9,5.2,6,4.6,58.31
Simon Property Group Inc.,SPG,10,14.56,2.44,5.1,8.5,10.7,16.1,129.83
S&P Global Inc.,SPGI,47,0.82,17.54,14,16.6,13.7,9.7,27.97
SpartanNash Company,SPTN,10,3.6,1.32,5.6,8.2,9.6,14.3,481.25
Spire Inc.,SR,17,3.41,5.06,5.3,6.5,6.1,4.4,84.69
1st Source Corp.,SRCE,32,3.24,3.7,14.6,15.2,11.3,7.4,33.33
Sempra Energy,SRE,17,3.31,8.01,8.3,8.6,7.8,9.6,65.93
Sprague Resources LP,SRLP,6,17.86,2.3,1.7,7.3,11.3,,161.82
South State Corp.,SSB,9,3.58,2.17,21,11.3,15.3,9.4,38.84
Simpsom Manufacturing Co.,SSD,6,1.15,4.55,4.7,9.8,11.2,8.4,27.79
STAG Industrial Inc.,STAG,10,5.35,0.7,0.7,0.9,2.2,,202.82
S&T Bancorp Inc.,STBA,7,5.04,3.7,10.1,12.3,9.9,1.7,44.62
Sturgis Bancorp,STBI,7,4.53,6.67,5.3,12.6,46.1,4.4,
Steris plc,STE,15,0.89,8.82,9.2,10.2,10,13.2,31.09
Steel Dynamics Inc.,STLD,10,3.77,4.17,26.5,17.6,14.8,10,33.33
STORE Capital Corp,STOR,5,7.24,6.06,6.3,6.8,,,108.53
State Street Corp.,STT,9,3.41,10.64,8.4,11.3,11.5,21.7,35.8
Constellation Brands Inc. A,STZ,5,1.74,1.35,9.1,25.6,,,
Stanley Black & Decker,SWK,52,2.2,4.55,4.7,6.1,5.8,7.6,45.17
Skyworks Solutions Inc.,SWKS,6,1.48,15.79,17.1,14.9,36.2,,37.77
Schweitzer-Mauduit International Inc.,SWM,8,5.79,2.33,1.7,2.8,3.8,19.4,60.69
Southwest Gas Corp.,SWX,14,3,4.59,4.9,7.1,8.6,8.7,65.52
Standex International Inc.,SXI,9,1.66,10,10.8,12.2,14.3,8.6,21.78
Sensient Technologies Corp.,SXT,14,3.11,8.33,8.9,9.8,8.4,6.8,93.98
Stock Yards Bancorp Inc.,SYBT,10,3.17,3.85,8.3,13.2,12.1,8.7,38.71
Stryker Corp.,SYK,27,1.18,10.58,10.6,11,11.3,15.3,40.35
Systemax Inc.,SYX,5,2.67,16.67,9.1,68.7,,-4.4,44.09
Sysco Corp.,SYY,50,3.26,15.38,8.3,8,6.1,5,67.92
AT&T Inc.,T,36,6.74,1.96,2,2,2.1,2.2,105.58
Territorial Bancorp,TBNK,10,3.62,4.55,6,7.3,8.2,,43.19
TriCo Bancshares,TCBK,7,3.1,15.79,17.1,11,13.3,4.7,31.54
TCF Financial Corp.,TCF,8,4.84,2.94,11.3,9.2,8,1.6,80.46
Taubman Centers Inc.,TCO,10,6.53,3.05,3.1,4.3,4.6,5,80.12
Telephone & Data Sys.,TDS,46,3.32,3.03,3.1,3.7,4.2,4.4,59.65
TE Connectivity Ltd.,TEL,8,2.36,4.35,5.8,8.1,10.2,11,92.75
Truist Financial Corp,TFC,9,4.89,11.11,12.9,14.1,12.5,3.3,51.28
TFS Financial Corporation,TFSL,7,7.27,3.7,23.8,32.2,49.3,14,386.21
Target Corp.,TGT,52,2.16,3.13,3.2,3.9,6.5,14.7,49.07
First Financial Corp.,THFF,31,2.96,1.96,1,1.3,1.2,1.4,26.74
Hanover Insurance Group (The),THG,15,2.59,8.33,10.4,9.2,10,12.6,39.39
Thor Industries Inc.,THO,10,1.86,2.56,4.7,7.6,10.3,18.8,43.24
Tiffany & Company,TIF,17,1.81,5.45,7.6,10,9.4,12.8,52.13
Timken Company (The),TKR,6,2.63,3.7,0.9,2.5,2.3,9.5,24.51
Tompkins Financial Corp.,TMP,33,3.23,4,4.1,4.5,4.5,5,45.81
Tennant Company,TNC,48,1.38,4.76,3.5,2.8,2.4,5.2,35.77
Towne Bank,TOWN,8,3.82,12.5,13.3,10.8,10.1,8.1,37.31
Texas Pacific Land Trust,TPL,15,1.71,471.43,66.7,78.1,45.3,24.9,32.84
Tootsie Roll Industries,TR,52,1.01,3,3,3.3,6.1,4.5,35.64
Thomson Reuters Corp.,TRI,27,2.26,5.56,4,1.9,1.8,2.5,170.79
Trinity Industries Inc.,TRN,10,3.81,11.76,23.1,13.3,12.8,14.9,84.44
Terreno Realty Corp.,TRNO,9,2.11,12.5,10,9.2,12.9,,136.71
T. Rowe Price Group,TROW,34,2.98,18.42,8.6,12.1,11.6,11.8,44.83
Truxton Corp.,TRUX,8,2.74,12,13.6,11.6,20.1,,
Travelers Companies,TRV,16,3.18,3.66,6.6,7.2,8.5,10.1,36.68
Timberland Bancorp Inc.,TSBK,8,4.45,33.33,15.4,20.8,27.2,6.8,28.27
Tractor Supply Company,TSCO,10,1.15,12.9,13.3,13.9,17.4,,29.54
Tyson Foods Inc.,TSN,8,2.73,12,21.2,37.1,36.6,25.5,31
Trane Technologies,TT,8,2.35,17.78,8.2,15.9,16.2,18.2,42.48
Toro Company,TTC,11,1.41,11.11,12.5,14.5,17.6,19.6,38.17
TTEC Holdings Inc.,TTEC,6,1.61,6.25,12.7,17.2,,,40
Tetra Tech Inc.,TTEK,7,0.86,13.33,23.9,17.7,22.1,,26.15
Texas Instruments,TXN,16,3.03,16.88,22.1,25.1,21,21.7,69.1
Trinity Bank NA,TYBT,9,2.17,3.23,9.9,10.7,13.4,,
Urstadt Biddle Properties,UBA,26,8.78,1.82,1.9,1.9,1.7,1.4,203.64
United Bancorp Inc.,UBCP,7,5.01,1.79,4.8,9.1,10.6,-0.3,48.31
Urstadt Biddle Properties Inc.,UBP,5,8.94,2.04,2.1,2.1,1.7,1.2,181.82
United Bankshares Inc.,UBSI,45,4.81,2.94,0,1,1.2,1.6,60.09
United Community Banks Inc.,UCBI,7,3.68,5.88,26.9,33.1,61.5,,33.33
UDR Inc.,UDR,10,3.89,5.11,5.7,5.1,5.9,3.4,257.14
United Fire Group Inc.,UFCS,7,4.92,6.45,7.4,10.3,10.8,8,
Universal Forest Products Inc.,UFPI,8,1.09,25,11.1,11.3,14.5,16.5,16.78
UGI Corp.,UGI,33,4.15,1.54,12.3,7.2,7.3,8.1,73.33
Universal Health Realty Trust,UHT,34,2.93,0.74,1.5,1.4,1.5,1.3,195.71
UMB Financial Corp.,UMBF,28,2.42,3.33,4.8,7,5.9,5.5,33.42
Umpqua Holdings Corp.,UMPQ,9,7.37,5,6.3,9.5,7,15.4,
Union Bankshares Inc.,UNB,8,6.53,3.23,3.3,3.8,3.6,1.9,55.9
UnitedHealth Group Inc.,UNH,10,1.42,20,44.3,28,28.8,66.7,30.25
Unum Group,UNM,11,7.52,9.62,11.2,12.3,11.9,13.2,24.15
Union Pacific,UNP,13,2.28,10.23,20.9,17.9,15.4,21.2,45.12
Unity Bancorp Inc.,UNTY,7,2.24,14.29,14.8,19.9,25.4,,15.17
United Parcel Service Inc.,UPS,11,4.05,5.21,5.5,7.2,7.5,7.9,81.78
U.S. Bancorp,USB,9,4.72,13.51,20.5,13.6,10,10.3,43.41
US Physical Therapy Inc.,USPH,10,1.73,6.67,23.9,20,18.9,,56.64
Unitil Corp.,UTL,6,3.11,1.35,1.4,1.4,1.4,0.7,67.87
Utah Medical Products Inc.,UTMD,17,1.13,1.82,1.9,1.7,1.8,1.7,28.94
Universal Corp.,UVV,49,6.99,1.32,16.2,12.5,8.2,5.1,88.76
Visa Inc.,V,12,0.61,20,19.3,21.5,20.1,25.3,21.58
Marriot Vacations Worldwide Corp.,VAC,7,2.4,20,12.5,14.5,48.4,,69.01
Value Line Inc.,VALU,6,2.95,5,5.3,5.6,5.7,-3.3,53.5
VF Corp.,VFC,47,3.42,11.63,6.8,9.7,12.8,13,121.52
Valero Energy Corp.,VLO,10,5.88,8.89,12.5,14.5,27.9,20.7,400
Vulcan Materials,VMC,7,1.26,9.68,10.7,15.7,41.3,-1.8,29.31
VSE Corp.,VSEC,16,1.38,12.5,13.3,13.9,12.3,13.6,11.8
Ventas Inc.,VTR,9,9.07,0.32,0.3,2.3,4.2,5.9,220.14
Verizon Communications,VZ,15,4.29,2.07,2.1,2.2,2.5,2.7,55.41
Westamerica Bancorp,WABC,28,2.78,2.5,1.9,1.5,1.4,1.5,57.14
Washington Federal Inc.,WAFD,10,3.4,4.76,17.1,13.6,14.3,15.2,33.08
Washington Trust Bancorp Inc.,WASH,9,6.38,8.51,16.7,10.3,10.9,8.8,56.04
Walgreens Boots Alliance Inc.,WBA,44,4.26,3.98,6.8,6.9,6.6,13.6,47.04
Webster Financial Corp.,WBS,9,5.65,21.21,22.4,16,15.3,44,47.06
Waste Connections Inc.,WCN,10,0.79,15.63,14.7,17.5,16,,33.48
WD-40 Company,WDFC,11,1.4,9.84,13,13.2,12.4,9.3,59.82
Woodlands Financial Services Co.,WDFN,6,3.59,4,8.5,8.4,6.1,7.4,
Wellesley Bancorp Inc.,WEBK,6,0.71,9.09,9.3,16.1,27.4,,9.88
WEC Energy Group Inc.,WEC,17,2.76,7.2,6.8,6,8.6,13.3,68.75
"Werner Enterprises, Inc.",WERN,5,0.78,28.57,12.5,14.5,12.5,6.1,16.29
Weyco Group Inc.,WEYS,38,5.14,4.35,4.4,4.2,4.6,4.9,52.46
Wells Fargo & Co.,WFC,9,7.71,13.33,17.1,8.2,7.3,14.6,72.08
Whirlpool Corp.,WHR,9,3.94,4.35,4.4,6.8,10.6,10.7,32.9
Westlake Chemical Corp.,WLK,16,2.2,5,11.4,11.3,12,25,27.42
Westlake Chemical Partners LP,WLKP,7,9.2,1.46,11.6,11.9,60.2,,104.18
Willis Towers Watson plc,WLTW,9,1.34,4.62,9.4,13.4,16.7,9.4,33.29
Waste Management,WM,17,2.04,6.34,10.2,7.7,6.4,5.9,55.33
William Penn Bancorp Inc.,WMPN,9,1.54,25,25,12.6,9,,
Advanced Drainage Systems Inc.,WMS,6,0.81,12.5,12.9,16.7,54.3,,
Wal-Mart Inc.,WMT,47,1.74,1.89,1.9,2,2,7.2,41.06
Worthington Industries Inc.,WOR,9,3.21,4.35,2.3,4.9,6.4,6.7,53.93
W.P. Carey Inc.,WPC,23,6.94,0.19,1.5,1.6,2.7,7.6,243.27
W.R. Berkley Corp.,WRB,18,0.76,10,9.3,8.1,8.4,10.4,17.12
WesBanco Inc.,WSBC,10,5.98,3.23,8,8.7,7.2,2.2,52.24
WSFS Financial Corp.,WSFS,6,1.73,9.09,11.9,23.4,22.6,11.4,17.45
Williams-Sonoma Inc.,WSM,14,2.31,11.63,11.3,8.6,7.5,14.6,42.57
Watsco Inc.,WSO,7,3.99,10.94,14.3,19,26.2,13,112.7
West Pharmaceutical Services,WST,27,0.3,6.67,7,7.6,8.3,7.2,18.55
West Bancorp Inc.,WTBA,9,4.76,5,6.4,7.4,11.1,24.9,46.41
W.T.B. Financial Corp.,WTBFA,8,1.91,5.71,52.2,32.6,23.9,,
Wintrust Financial Corp.,WTFC,7,2.64,12,31.6,27.7,20.1,14,20.18
Essential Utilities Inc.,WTRG,27,2.14,6.99,6.9,7.1,7.4,7.5,96.62
Watts Water Technologies Inc.,WTS,7,1.11,9.52,9.8,8.2,9.2,7.4,23.71
Western Union Company,WU,6,4.5,12.5,5.3,7.7,9.9,29.6,36.29
Wyndham Destinations Inc.,WYND,11,6.29,11.11,-4.8,-3.5,5.2,27.4,68.49
Xcel Energy,XEL,17,2.64,6.17,6.3,6,6.2,5.2,66.41
Xilinx Inc.,XLNX,18,1.65,2.7,2.8,4.2,6.4,9.7,48.87
ExxonMobil Corp.,XOM,37,7.65,6.1,6.2,4.8,4.9,7.5,139.76
Dentsply Sirona Inc.,XRAY,8,0.86,14.29,7.1,7.1,7.5,6.5,108.11
Xylem Inc.,XYL,10,1.57,8.33,14.3,15.7,13.4,,52.26
York Water Company,YORW,22,1.62,3.98,4,3.7,3.9,3.2,60.07
Zions Bancorp Inc.,ZION,7,4.13,13.33,23.1,66,51.6,29,43.17
Zoetis Inc.,ZTS,8,0.57,21.95,30.2,20,17.9,,23.81